Strain Name	Virus Species	GenBank Accession	Sequence Length	Collection Date	Host	GenBank Host	Country	Mol Type	
02050CHI	Rabies lyssavirus	KX148267	11805	1992	Human	Homo sapiens	China	viral cRNA	
14015ITA	Rabies lyssavirus	KX148207	11801	2014	Human	Homo sapiens	Kenya	viral cRNA	
17011FRA	Rabies lyssavirus	MG011654	11889	07/16/2016	Human	Homo sapiens	France	viral cRNA	
2010818843	Rabies lyssavirus	MN726819	11846	2013	Human	Homo sapiens	Kenya	viral cRNA	
2011100179	Rabies lyssavirus	MN726810	11589	2015	Human	Homo sapiens	Kenya	viral cRNA	
2017my-k0001	Rabies lyssavirus	MF624630	1445	03/25/2017	Human	Homo sapiens	China	mRNA	
35_HUMAN_CBP_1999	Rabies lyssavirus	LC380089	461	1999	Human	Homo sapiens	Zambia	viral cRNA	
35_HUMAN_CBP_1999	Rabies lyssavirus	LC380162	609	1999	Human	Homo sapiens	Zambia	viral cRNA	
86092EGY	Rabies lyssavirus	KX148101	11923	1979	Human	Homo sapiens	Egypt	viral cRNA	
87021AFS	Rabies lyssavirus	KX148103	11922	1981	Human	Homo sapiens	South Africa	viral cRNA	
91010MEX	Rabies lyssavirus	KX148112	11802	1991	Human	Homo sapiens	Mexico	viral cRNA	
92015HON	Rabies lyssavirus	KX148160	11801	1991	Human	Homo sapiens	Hungary	viral cRNA	
97002IND	Rabies lyssavirus	KX148246	11803	1997	Human	Homo sapiens	India	viral cRNA	
98002MAD	Rabies lyssavirus	KX148210	11801	1998	Human	Homo sapiens	Madagascar	viral cRNA	
A17-npval14	Rabies lyssavirus	MW055099	1353	2017	Human	Homo sapiens	USA	viral cRNA	
A17-npval35	Rabies lyssavirus	MW055133	1353	2017	Human	Homo sapiens	India	viral cRNA	
CBJ1104H	Rabies lyssavirus	KC465374	1353	2011	Human	Homo sapiens	China	viral cRNA	
CBJ1212H	Rabies lyssavirus	KC465371	1353	2012	Human	Homo sapiens	China	viral cRNA	
CCS1501H	Rabies lyssavirus	MF459637	1353	2015	Human	Homo sapiens	China	viral cRNA	
CCS1501H	Rabies lyssavirus	MF476106	11766	2015	Human	Homo sapiens	China	viral cRNA	
CHX1101H	Rabies lyssavirus	KC465380	1353	2011	Human	Homo sapiens	China	viral cRNA	
CHX1201H	Rabies lyssavirus	KC465373	1353	2012	Human	Homo sapiens	China	viral cRNA	
CLN1106H	Rabies lyssavirus	MF611869	1353	2011	Human	Homo sapiens	China	viral cRNA	
CLN1503H	Rabies lyssavirus	MF611868	1353	2015	Human	Homo sapiens	China	viral cRNA	
CQHM2012H/China/2012	Rabies lyssavirus	KY982923	11928	2012	Human	Homo sapiens	China	viral cRNA	
CQHm2016H/China/2016	Rabies lyssavirus	KY964323	11925	2016	Human	Homo sapiens	China	viral cRNA	
CTMZZ11	Rabies lyssavirus	KY780299	11924	01/23/2017	Human	Homo sapiens	China	viral cRNA	
CXZ1501H	Rabies lyssavirus	KY175230	11927	2015	Human	Homo sapiens	China	viral cRNA	
CXZ1601H	Rabies lyssavirus	MH746442	1353	2016	Human	Homo sapiens	China	viral cRNA	
CXZ1704H	Rabies lyssavirus	MH671332	11925	2017	Human	Homo sapiens	China	viral cRNA	
CYN0920H	Rabies lyssavirus	JF819637	609	-N/A-	Human	Homo sapiens	China	viral cRNA	
CYN0922H	Rabies lyssavirus	JF819638	609	-N/A-	Human	Homo sapiens	China	viral cRNA	
CYN0923H	Rabies lyssavirus	JF819636	609	-N/A-	Human	Homo sapiens	China	viral cRNA	
CYN0924H	Rabies lyssavirus	JF819635	609	-N/A-	Human	Homo sapiens	China	viral cRNA	
CYN1007H	Rabies lyssavirus	JF819594	894	-N/A-	Human	Homo sapiens	China	viral cRNA	
CYN1007H	Rabies lyssavirus	JF819598	1575	-N/A-	Human	Homo sapiens	China	viral cRNA	
CYN1025H	Rabies lyssavirus	JQ040574	1575	11/02/2010	Human	Homo sapiens	China	viral cRNA	
CYN1025H	Rabies lyssavirus	JQ040585	609	11/02/2010	Human	Homo sapiens	China	viral cRNA	
CYN1025H	Rabies lyssavirus	JQ040601	894	11/02/2010	Human	Homo sapiens	China	viral cRNA	
CYN1242H	Rabies lyssavirus	JX276403	1575	01/30/2012	Human	Homo sapiens	China	viral cRNA	
CYN1270H	Rabies lyssavirus	KP072017	1353	08/10/2012	Human	Homo sapiens	China	viral cRNA	
CYN1270H	Rabies lyssavirus	KP072038	1575	08/10/2012	Human	Homo sapiens	China	viral cRNA	
CYN14107H	Rabies lyssavirus	KP202413	1575	06/2014	Human	Homo sapiens	China	viral cRNA	
CYN14107H	Rabies lyssavirus	KP202440	1353	06/2014	Human	Homo sapiens	China	viral cRNA	
CYN14115D	Rabies lyssavirus	KP202448	1353	11/2013	Human	Homo sapiens	China	viral cRNA	
CYN14116H	Rabies lyssavirus	KT861559	1575	09/2014	Human	Homo sapiens	China	viral cRNA	
CYN14116H	Rabies lyssavirus	KT932670	1353	09/2014	Human	Homo sapiens	China	viral cRNA	
HBRV3	Rabies lyssavirus	MF467499	1353	2011	Human	Homo sapiens	Ecuador	viral cRNA	
HBRV3	Rabies lyssavirus	MF467507	894	2011	Human	Homo sapiens	Ecuador	viral cRNA	
HBRV3	Rabies lyssavirus	MF467515	1575	2011	Human	Homo sapiens	Ecuador	viral cRNA	
HBRV4	Rabies lyssavirus	MF467516	1574	2011	Human	Homo sapiens	Ecuador	viral cRNA	
IAP-R194	Rabies lyssavirus	KX434514	1353	2011	Human	Homo sapiens	India	viral cRNA	
IAP-R195	Rabies lyssavirus	KX434515	1353	2011	Human	Homo sapiens	India	viral cRNA	
IP 1086/13	Rabies lyssavirus	MF434526	521	2013	Human	Homo sapiens	Brazil	viral cRNA	
IP 1507/12	Rabies lyssavirus	MF434523	521	2012	Human	Homo sapiens	Brazil	viral cRNA	
IP 5451/13	Rabies lyssavirus	MF434525	521	2013	Human	Homo sapiens	Brazil	viral cRNA	
Kyoto	Rabies lyssavirus	LC571945	11923	2006	Human	Homo sapiens	Japan	viral cRNA	
LeiC	Rabies lyssavirus	MK161043	804	10/22/2018	Human	Homo sapiens	China	mRNA	
LeiC	Rabies lyssavirus	MK161044	257	10/22/2018	Human	Homo sapiens	China	mRNA	
LH01	Rabies lyssavirus	KU845604	249	04/23/2015	Human	Homo sapiens	China	mRNA	
LH01	Rabies lyssavirus	KU845617	819	04/23/2015	Human	Homo sapiens	China	mRNA	
MYCAN	Rabies lyssavirus	KY203086	1350	03/04/2003	Human	Homo sapiens	Canada	viral cRNA	
PDS01	Rabies lyssavirus	KU845610	249	11/29/2013	Human	Homo sapiens	China	mRNA	
PDS01	Rabies lyssavirus	KU845615	819	11/29/2013	Human	Homo sapiens	China	mRNA	
RABV_Nepal_2018	Rabies lyssavirus	MN534894	11802	2018	Human	Homo sapiens	Nepal	viral cRNA	
RABV_Nepal_2019	Rabies lyssavirus	MN534895	11792	2019	Human	Homo sapiens	Nepal	viral cRNA	
RO/Human/2011	Rabies lyssavirus	KY382830	1311	2011	Human	Homo sapiens	Romania	viral cRNA	
RV2481	Rabies lyssavirus	MG458318	11918	2008	Human	Homo sapiens	South Africa	viral cRNA	
RV2924	Rabies lyssavirus	MG458320	11927	2012	Human	Homo sapiens	Nepal	viral cRNA	
RV61	Rabies lyssavirus	KU534939	1575	1987	Human	Homo sapiens	United Kingdom	viral cRNA	
Serian RB03	Rabies lyssavirus	MF620996	1191	07/12/2017	Human	Homo sapiens	Malaysia	viral cRNA	
SPU273/85	Rabies lyssavirus	MK858225	579	1985	Human	Homo sapiens	South Africa	viral cRNA	
SQ01	Rabies lyssavirus	KU845607	249	10/28/2014	Human	Homo sapiens	China	mRNA	
SQ01	Rabies lyssavirus	KU845613	249	10/28/2014	Human	Homo sapiens	China	mRNA	
SQ01	Rabies lyssavirus	KU845620	819	10/28/2014	Human	Homo sapiens	China	mRNA	
SVPL101/18	Rabies lyssavirus	MK858232	540	2018	Human	Homo sapiens	South Africa	viral cRNA	
SVPL17/16	Rabies lyssavirus	MK858231	546	2016	Human	Homo sapiens	South Africa	viral cRNA	
SVPL242/18	Rabies lyssavirus	MK858229	483	2018	Human	Homo sapiens	South Africa	viral cRNA	
SVPL330/02	Rabies lyssavirus	MK858227	558	2002	Human	Homo sapiens	South Africa	viral cRNA	
SVPL46/07	Rabies lyssavirus	MK858228	555	2007	Human	Homo sapiens	South Africa	viral cRNA	
SVPL597/18	Rabies lyssavirus	MK858230	582	2018	Human	Homo sapiens	South Africa	viral cRNA	
XC01	Rabies lyssavirus	KU845605	249	11/08/2015	Human	Homo sapiens	China	mRNA	
XC01	Rabies lyssavirus	KU845609	249	11/20/2012	Human	Homo sapiens	China	mRNA	
XC01	Rabies lyssavirus	KU845611	249	11/20/2012	Human	Homo sapiens	China	mRNA	
XC01	Rabies lyssavirus	KU845612	249	11/08/2015	Human	Homo sapiens	China	mRNA	
XC01	Rabies lyssavirus	KU845618	819	11/08/2015	Human	Homo sapiens	China	mRNA	
XX01	Rabies lyssavirus	KU845606	249	10/07/2013	Human	Homo sapiens	China	mRNA	
XX01	Rabies lyssavirus	KU845608	249	08/18/2015	Human	Homo sapiens	China	mRNA	
XX01	Rabies lyssavirus	KU845614	249	08/18/2015	Human	Homo sapiens	China	mRNA	
XX01	Rabies lyssavirus	KU845619	819	08/18/2015	Human	Homo sapiens	China	mRNA	
02025SEN	Rabies lyssavirus	EU853644	1353	2001	Human	Homo sapiens	Senegal	viral cRNA	
02040CHI	Rabies lyssavirus	EU086139	1575	1992	Human	human	China	viral cRNA	
02040CHI	Rabies lyssavirus	EU086176	1353	1992	Human	human	China	viral cRNA	
02050CHI	Rabies lyssavirus	EU086145	1575	1992	Human	human	China	viral cRNA	
02050CHI	Rabies lyssavirus	EU086185	1353	1992	Human	human	China	viral cRNA	
03006PHI	Rabies lyssavirus	EU086203	1353	2000	Human	human	Philippines	viral cRNA	
03007PHI	Rabies lyssavirus	EU086204	1353	2001	Human	human	Philippines	viral cRNA	
04030PHI	Rabies lyssavirus	EU086155	1575	2004	Human	human	Philippines	viral cRNA	
04030PHI	Rabies lyssavirus	EU086205	1353	2004	Human	human	Philippines	viral cRNA	
04033MAD	Rabies lyssavirus	DQ420623	1353	09/01/2004	Human	human	Madagascar	mRNA	
04033MAD	Rabies lyssavirus	DQ420624	1575	09/01/2004	Human	human	Madagascar	mRNA	
04033MAD	Rabies lyssavirus	KU055519	211	2004	Human	Homo sapiens	Madagascar	viral cRNA	
07008SEN	Rabies lyssavirus	EU853637	1353	2003	Human	Homo sapiens	Senegal	viral cRNA	
07009SEN	Rabies lyssavirus	EU853643	1353	2003	Human	Homo sapiens	Senegal	viral cRNA	
07011SEN	Rabies lyssavirus	EU853633	1353	2004	Human	Homo sapiens	Senegal	viral cRNA	
07018SEN	Rabies lyssavirus	EU853638	1353	1995	Human	Homo sapiens	Senegal	viral cRNA	
07019SEN	Rabies lyssavirus	EU853640	1353	1996	Human	Homo sapiens	Senegal	viral cRNA	
07020SEN	Rabies lyssavirus	EU853627	1353	2002	Human	Homo sapiens	Senegal	viral cRNA	
07021SEN	Rabies lyssavirus	EU853639	1353	2004	Human	Homo sapiens	Senegal	viral cRNA	
07022SEN	Rabies lyssavirus	EU853632	1353	2005	Human	Homo sapiens	Senegal	viral cRNA	
07023SEN	Rabies lyssavirus	EU853592	1353	2005	Human	Homo sapiens	Senegal	viral cRNA	
07024SEN	Rabies lyssavirus	EU853631	1353	2005	Human	Homo sapiens	Senegal	viral cRNA	
07027SEN	Rabies lyssavirus	EU853630	1353	2006	Human	Homo sapiens	Senegal	viral cRNA	
07028SEN	Rabies lyssavirus	EU853635	1353	2006	Human	Homo sapiens	Senegal	viral cRNA	
07029SEN	Rabies lyssavirus	EU853636	1353	2006	Human	Homo sapiens	Senegal	viral cRNA	
07207SEN	Rabies lyssavirus	EU853626	1353	1997	Human	Homo sapiens	Senegal	viral cRNA	
07209SEN	Rabies lyssavirus	EU853628	1353	2007	Human	Homo sapiens	Senegal	viral cRNA	
07209SEN	Rabies lyssavirus	KU055524	211	2007	Human	Homo sapiens	Senegal	viral cRNA	
08339FRA	Rabies lyssavirus	GU816007	937	2008	Human	Homo sapiens	France	viral cRNA	
11RS3570	Rabies lyssavirus	JQ845907	573	11/14/2011	Human	Homo sapiens	Italy	viral cRNA	
1235	Rabies lyssavirus	AY138571	319	-N/A-	Human	Homo sapiens	Madagascar	genomic RNA	
13250	Rabies lyssavirus	HQ116829	405	1973	Human	Homo sapiens	Chile	viral cRNA	
1348	Rabies lyssavirus	AY138579	320	-N/A-	Human	Homo sapiens	Australia	genomic RNA	
1360	Rabies lyssavirus	AY138566	319	-N/A-	Human	Homo sapiens	United Kingdom	genomic RNA	
14009FRA	Rabies lyssavirus	KP345881	1353	03/28/2014	Human	Homo sapiens	France	viral cRNA	
14010SEN	Rabies lyssavirus	KU055527	211	2001	Human	Homo sapiens	Senegal	viral cRNA	
14012SEN	Rabies lyssavirus	KU055529	211	2005	Human	Homo sapiens	Senegal	viral cRNA	
1475peruhm2005	Rabies lyssavirus	FJ228500	1350	2005	Human	Homo sapiens	Peru	viral cRNA	
2014MY-K0007(D6)	Rabies lyssavirus	KU314706	1353	2014	Human	homo sapiens	China	viral cRNA	
2015MY-K0003-1(E5)	Rabies lyssavirus	KU314707	1353	2015	Human	homo sapiens	China	viral cRNA	
2015MY-K0008-3	Rabies lyssavirus	KU314715	1353	2015	Human	homo sapiens	China	viral cRNA	
2015MY-K0012(F8)	Rabies lyssavirus	KU314708	1353	2015	Human	homo sapiens	China	viral cRNA	
2015MY-K0013-2(F10)	Rabies lyssavirus	KU314709	1353	2015	Human	homo sapiens	China	viral cRNA	
2015MY-K0015-1(G3)	Rabies lyssavirus	KU314711	1353	2015	Human	homo sapiens	China	viral cRNA	
2015MY-K0016(G7)	Rabies lyssavirus	KU314712	1353	2015	Human	homo sapiens	China	viral cRNA	
2015MY-K0017-3(G10)	Rabies lyssavirus	KU314713	1353	2015	Human	homo sapiens	China	viral cRNA	
2153Salvhm02	Rabies lyssavirus	FJ228492	1350	2002	Human	Homo sapiens	El Salvador	viral cRNA	
2247	Rabies lyssavirus	AF394879	1414	-N/A-	Human	Homo sapiens	USA	viral cRNA	
2698	Rabies lyssavirus	AF394882	1414	-N/A-	Human	Homo sapiens	USA	viral cRNA	
3023	Rabies lyssavirus	AF394875	1414	-N/A-	Human	Homo sapiens	USA	viral cRNA	
3121Mxdfhm91	Rabies lyssavirus	FJ228508	1350	1991	Human	Homo sapiens	Mexico	viral cRNA	
3270	Rabies lyssavirus	AY138578	319	-N/A-	Human	Homo sapiens	USA	genomic RNA	
3645DR	Rabies lyssavirus	JQ685953	11899	2009	Human	Homo sapiens	Mexico	viral cRNA	
3853bSalvHm2003	Rabies lyssavirus	FJ228675	264	2003	Human	Homo sapiens	El Salvador	viral cRNA	
388	Rabies lyssavirus	AY138573	320	-N/A-	Human	Homo sapiens	Indonesia	genomic RNA	
428M	Rabies lyssavirus	AY563516	533	-N/A-	Human	Homo sapiens	Brazil	mRNA	
4403-13(09030NEP)	Rabies lyssavirus	JX944565	1353	07/30/2003	Human	Homo sapiens	Nepal	viral cRNA	
4403-13(09030NEP)	Rabies lyssavirus	JX944584	1575	07/30/2003	Human	Homo sapiens	Nepal	viral cRNA	
4602MAD_2009	Rabies lyssavirus	KC787052	570	2009	Human	Homo sapiens	Madagascar	viral cRNA	
5214M	Rabies lyssavirus	DQ097075	439	-N/A-	Human	Homo sapiens	Brazil	genomic RNA	
5341V-04	Rabies lyssavirus	DQ177278	165	-N/A-	Human	Homo sapiens	Brazil	genomic RNA	
5631	Rabies lyssavirus	AY138554	319	-N/A-	Human	Homo sapiens	Sri Lanka	genomic RNA	
5648	Rabies lyssavirus	AY138558	319	-N/A-	Human	Homo sapiens	Sri Lanka	genomic RNA	
643	Rabies lyssavirus	AY138575	320	-N/A-	Human	Homo sapiens	USA	genomic RNA	
691	Rabies lyssavirus	AY138569	319	-N/A-	Human	Homo sapiens	Saudi Arabia	genomic RNA	
6981hmPE/2005	Rabies lyssavirus	EF152258	1394	-N/A-	Human	Homo sapiens	Brazil	viral cRNA	
725	Rabies lyssavirus	AY138576	320	-N/A-	Human	Homo sapiens	USA	genomic RNA	
730MAD_2007	Rabies lyssavirus	KC787057	558	2007	Human	Homo sapiens	Madagascar	viral cRNA	
757MAD_2007	Rabies lyssavirus	KC787058	725	2007	Human	Homo sapiens	Madagascar	viral cRNA	
816	Rabies lyssavirus	AY138577	320	-N/A-	Human	Homo sapiens	USA	genomic RNA	
86127TUN	Rabies lyssavirus	EU853579	1353	1986	Human	Homo sapiens	Tunisia	viral cRNA	
86128TUN	Rabies lyssavirus	EU853578	1353	1986	Human	Homo sapiens	Tunisia	viral cRNA	
86129TUN	Rabies lyssavirus	EU853566	1353	1986	Human	Homo sapiens	Tunisia	viral cRNA	
86130TUN	Rabies lyssavirus	EU853573	1353	1986	Human	Homo sapiens	Tunisia	viral cRNA	
86131TUN	Rabies lyssavirus	EU853576	1353	1986	Human	Homo sapiens	Tunisia	viral cRNA	
8617POL	Rabies lyssavirus	KU055537	211	-N/A-	Human	Homo sapiens	Poland	viral cRNA	
8675TUN	Rabies lyssavirus	EU853577	1353	1986	Human	Homo sapiens	Tunisia	viral cRNA	
8676TUN	Rabies lyssavirus	EU853575	1353	1986	Human	Homo sapiens	Tunisia	viral cRNA	
8678MAR	Rabies lyssavirus	EU853572	1353	1986	Human	Homo sapiens	Morocco	viral cRNA	
8712MAR	Rabies lyssavirus	KU055541	211	1986	Human	Homo sapiens	Morocco	viral cRNA	
8727TUN	Rabies lyssavirus	EU853574	1353	1986	Human	Homo sapiens	Tunisia	viral cRNA	
8734THA	Rabies lyssavirus	EU086157	1575	1983	Human	human	Thailand	viral cRNA	
8734THA	Rabies lyssavirus	EU086206	1353	1983	Human	human	Thailand	viral cRNA	
8738THA	Rabies lyssavirus	EU086208	1353	1983	Human	human	Thailand	viral cRNA	
8743THA	Rabies lyssavirus	EU086158	1575	1983	Human	human	Thailand	viral cRNA	
8743THA	Rabies lyssavirus	EU086207	1353	1983	Human	human	Thailand	viral cRNA	
8743THA	Rabies lyssavirus	EU293107	609	1983	Human	Homo sapiens	Thailand	viral cRNA	
8758THA	Rabies lyssavirus	EU086217	400	1983	Human	Homo sapiens	Thailand	viral cRNA	
8758THA	Rabies lyssavirus	KU055545	211	1986	Human	Homo sapiens	Thailand	viral cRNA	
8760THA	Rabies lyssavirus	EU086218	400	1983	Human	Homo sapiens	Thailand	viral cRNA	
8764THA	Rabies lyssavirus	EU293100	609	1983	Human	Homo sapiens	Thailand	viral cRNA	
8764THA	Rabies lyssavirus	EU293111	11925	1983	Human	Homo sapiens	Thailand	viral cRNA	
9108MAR	Rabies lyssavirus	EU853571	1353	1991	Human	Homo sapiens	Morocco	viral cRNA	
9109MAR	Rabies lyssavirus	EU853570	1353	1991	Human	Homo sapiens	Morocco	viral cRNA	
92	Rabies lyssavirus	DQ640244	165	-N/A-	Human	Homo sapiens	Brazil	viral cRNA	
92048MAD_1991	Rabies lyssavirus	KC787067	744	1991	Human	Homo sapiens	Madagascar	viral cRNA	
9215HON	Rabies lyssavirus	AF134343	690	-N/A-	Human	human	-N/A-	genomic RNA	
9215HON	Rabies lyssavirus	KU055561	211	1991	Human	Homo sapiens	Hungary	viral cRNA	
945	Rabies lyssavirus	AY138567	319	-N/A-	Human	Homo sapiens	Kenya	genomic RNA	
9618ALG	Rabies lyssavirus	EU853567	1353	1996	Human	Homo sapiens	Algeria	viral cRNA	
9619ALG	Rabies lyssavirus	EU853568	1353	1996	Human	Homo sapiens	Algeria	viral cRNA	
9702INDI	Rabies lyssavirus	EU086191	1353	1997	Human	human	India	viral cRNA	
9706CHI	Rabies lyssavirus	GU992318	1353	1997	Human	Homo sapiens	China	viral cRNA	
9707CHI	Rabies lyssavirus	KU055584	211	1980	Human	Homo sapiens	China	viral cRNA	
9709CHI	Rabies lyssavirus	EU086214	400	1986	Human	Homo sapiens	China	viral cRNA	
98003MAD_1998	Rabies lyssavirus	KC787065	723	1998	Human	Homo sapiens	Madagascar	viral cRNA	
98006MAD_1998	Rabies lyssavirus	KC787066	735	1998	Human	Homo sapiens	Madagascar	viral cRNA	
A02_3263	Rabies lyssavirus	KC791800	920	01/01/2001	Human	Homo sapiens	Mexico	viral cRNA	
A09_6615	Rabies lyssavirus	KC791848	1572	01/01/2009	Human	Homo sapiens	USA	viral cRNA	
A11-0152	Rabies lyssavirus	JX871853	1575	2011	Human	Homo sapiens	USA	viral cRNA	
A11-5300	Rabies lyssavirus	KC737850	11925	2011	Human	Homo sapiens	USA	viral cRNA	
A11_3471	Rabies lyssavirus	KC791962	1572	01/01/2011	Human	Homo sapiens	USA	viral cRNA	
A12_1987	Rabies lyssavirus	KC792099	1572	01/01/2012	Human	Homo sapiens	USA	viral cRNA	
A12_5952	Rabies lyssavirus	KC792143	1572	01/01/2012	Human	Homo sapiens	Switzerland	viral cRNA	
A82_2001_CORR	Rabies lyssavirus	KF864377	1353	2001	Human	Homo sapiens	Argentina	viral cRNA	
ACS11	Rabies lyssavirus	KF992019	1353	08/23/2011	Human	Homo sapiens	Afghanistan	viral cRNA	
AUS1990	Rabies lyssavirus	EU854576	306	-N/A-	Human	Homo sapiens	Australia	viral cRNA	
Bali H-02BL	Rabies lyssavirus	JQ768454	891	2010	Human	Homo sapiens	Indonesia	viral cRNA	
Bali H-04WA	Rabies lyssavirus	JQ768456	891	2010	Human	Homo sapiens	Indonesia	viral cRNA	
Bali H-05KW	Rabies lyssavirus	JQ768457	891	2010	Human	Homo sapiens	Indonesia	viral cRNA	
Bali H-06KR	Rabies lyssavirus	JQ768458	891	2010	Human	Homo sapiens	Indonesia	viral cRNA	
Bali_H01RK	Rabies lyssavirus	JQ768453	1148	2010	Human	Homo sapiens	Indonesia	viral cRNA	
BeijingHu1	Rabies lyssavirus	EU700029	1575	2007	Human	Homo sapiens	China	viral cRNA	
BeijingHu1	Rabies lyssavirus	EU700031	1353	2007	Human	Homo sapiens	China	viral cRNA	
BeijingHu1	Rabies lyssavirus	EU700034	388	2007	Human	Homo sapiens	China	viral cRNA	
BOL25400	Rabies lyssavirus	AY340786	320	-N/A-	Human	Homo sapiens	-N/A-	genomic RNA	
BRhm23	Rabies lyssavirus	AB247438	599	-N/A-	Human	Homo sapiens	Brazil	genomic RNA	
BRhm327	Rabies lyssavirus	AB247439	599	-N/A-	Human	Homo sapiens	Brazil	genomic RNA	
BRhm328	Rabies lyssavirus	AB247448	599	-N/A-	Human	Homo sapiens	Brazil	genomic RNA	
Brhm4138	Rabies lyssavirus	AY654587	320	-N/A-	Human	Homo sapiens	Brazil	genomic RNA	
BRhm6	Rabies lyssavirus	AB110657	2066	-N/A-	Human	Homo sapiens	Brazil	genomic RNA	
BRhm675	Rabies lyssavirus	AB247450	599	-N/A-	Human	Homo sapiens	Brazil	genomic RNA	
brhmAC4119-1997	Rabies lyssavirus	JX217782	320	1997	Human	Homo sapiens	Brazil	viral cRNA	
brhmAC5308-2000	Rabies lyssavirus	JX217799	320	2000	Human	Homo sapiens	Brazil	viral cRNA	
brhmAC5363-2000	Rabies lyssavirus	JX217802	320	2000	Human	Homo sapiens	Brazil	viral cRNA	
brhmBA1303-2003	Rabies lyssavirus	JX217812	320	2003	Human	Homo sapiens	Brazil	viral cRNA	
brhmBA1403-2003	Rabies lyssavirus	JX217813	320	2003	Human	Homo sapiens	Brazil	viral cRNA	
brhmBA4093-1997	Rabies lyssavirus	JX217779	320	1997	Human	Homo sapiens	Brazil	viral cRNA	
brhmBA5348-2001	Rabies lyssavirus	JX217806	320	2001	Human	Homo sapiens	Brazil	viral cRNA	
brhmES1203-2003	Rabies lyssavirus	JX217811	320	2003	Human	Homo sapiens	Brazil	viral cRNA	
brhmGO4103-1998	Rabies lyssavirus	JX217786	320	1998	Human	Homo sapiens	Brazil	viral cRNA	
brhmGO4548-1999	Rabies lyssavirus	JX217795	320	1999	Human	Homo sapiens	Brazil	viral cRNA	
brhmGO5322-2000	Rabies lyssavirus	JX217801	320	2000	Human	Homo sapiens	Brazil	viral cRNA	
brhmMG4555-1999	Rabies lyssavirus	JX217796	320	1999	Human	Homo sapiens	Brazil	viral cRNA	
brhmMG5704-2001	Rabies lyssavirus	JX217809	320	2001	Human	Homo sapiens	Brazil	viral cRNA	
brhmPA5393-2000	Rabies lyssavirus	JX217805	320	2000	Human	Homo sapiens	Brazil	viral cRNA	
brhmPB4121-1998	Rabies lyssavirus	JX217789	320	1998	Human	Homo sapiens	Brazil	viral cRNA	
brhmPE4130-1998	Rabies lyssavirus	JX217792	320	1998	Human	Homo sapiens	Brazil	viral cRNA	
brhmPE4558-1999	Rabies lyssavirus	JX217797	320	1999	Human	Homo sapiens	Brazil	viral cRNA	
brhmPI5376-2000	Rabies lyssavirus	JX217804	320	2000	Human	Homo sapiens	Brazil	viral cRNA	
brhmRO5313-2000	Rabies lyssavirus	JX217800	320	2000	Human	Homo sapiens	Brazil	viral cRNA	
brhmRO5385-1999	Rabies lyssavirus	JX217798	320	1999	Human	Homo sapiens	Brazil	viral cRNA	
brhmSP5699-2001	Rabies lyssavirus	JX217810	320	2001	Human	Homo sapiens	Brazil	viral cRNA	
brhmTO4099-1998	Rabies lyssavirus	JX217785	320	1998	Human	Homo sapiens	Brazil	viral cRNA	
brhmTO4118-1997	Rabies lyssavirus	JX217781	320	1997	Human	Homo sapiens	Brazil	viral cRNA	
brhmTO4126-1998	Rabies lyssavirus	JX217790	320	1998	Human	Homo sapiens	Brazil	viral cRNA	
brhmu129	Rabies lyssavirus	DQ447967	320	-N/A-	Human	Homo sapiens	Brazil	genomic RNA	
brhmu130	Rabies lyssavirus	DQ447964	320	-N/A-	Human	Homo sapiens	Brazil	genomic RNA	
brhmu131	Rabies lyssavirus	DQ447968	320	-N/A-	Human	Homo sapiens	Brazil	genomic RNA	
brhmu138	Rabies lyssavirus	DQ447962	320	-N/A-	Human	Homo sapiens	Brazil	genomic RNA	
brhmu142	Rabies lyssavirus	DQ447963	320	-N/A-	Human	Homo sapiens	Brazil	genomic RNA	
brhmu146	Rabies lyssavirus	DQ447965	320	-N/A-	Human	Homo sapiens	Brazil	genomic RNA	
brhmu4531	Rabies lyssavirus	DQ447947	320	-N/A-	Human	Homo sapiens	Brazil	genomic RNA	
brhmu5325	Rabies lyssavirus	DQ447949	320	-N/A-	Human	Homo sapiens	Brazil	genomic RNA	
brsgCE5696-2001	Rabies lyssavirus	JX217807	320	2001	Human	Homo sapiens	Brazil	viral cRNA	
Bul#119	Rabies lyssavirus	DQ300304	500	-N/A-	Human	Homo sapiens	Bulgaria	mRNA	
CAR_11/001h	Rabies lyssavirus	KF977826	11923	09/2011	Human	Homo sapiens	Central African Republic	viral cRNA	
caushm954Orange1957	Rabies lyssavirus	FJ228686	264	1957	Human	Homo sapiens	USA	viral cRNA	
CGZ0518H	Rabies lyssavirus	EF990576	720	-N/A-	Human	Homo sapiens	China	mRNA	
CGZ0924H	Rabies lyssavirus	JN974832	1353	2009	Human	Homo sapiens	China	viral cRNA	
CGZ1026H	Rabies lyssavirus	JN936702	1575	2010	Human	Homo sapiens	China	mRNA	
CHB1007H	Rabies lyssavirus	JQ699259	1575	2010	Human	Homo sapiens	China	mRNA	
CHB1007H	Rabies lyssavirus	JN974835	1353	2010	Human	Homo sapiens	China	viral cRNA	
CHN0610H	Rabies lyssavirus	EF990620	720	-N/A-	Human	Homo sapiens	China	mRNA	
CHN0610H	Rabies lyssavirus	EU004738	609	2006	Human	Homo sapiens	China	viral cRNA	
CHN0610H	Rabies lyssavirus	EU004776	894	2006	Human	Homo sapiens	China	viral cRNA	
CHN0610H	Rabies lyssavirus	JN936709	1575	2006	Human	Homo sapiens	China	mRNA	
CHN0610H	Rabies lyssavirus	JN974841	1353	2006	Human	Homo sapiens	China	viral cRNA	
CHN0635H	Rabies lyssavirus	EF990621	720	-N/A-	Human	Homo sapiens	China	mRNA	
CHN0635H	Rabies lyssavirus	EU004739	609	2006	Human	Homo sapiens	China	viral cRNA	
CHN0635H	Rabies lyssavirus	EU004777	894	2006	Human	Homo sapiens	China	viral cRNA	
CHN0635H	Rabies lyssavirus	JN936712	1575	2006	Human	Homo sapiens	China	mRNA	
CHN0635H	Rabies lyssavirus	JN974843	1353	2006	Human	Homo sapiens	China	viral cRNA	
CHN0813H	Rabies lyssavirus	JN936720	1575	2008	Human	Homo sapiens	China	mRNA	
CHN0906H	Rabies lyssavirus	JN936724	1575	2009	Human	Homo sapiens	China	mRNA	
CHX1101H	Rabies lyssavirus	JQ699257	1575	2011	Human	Homo sapiens	China	mRNA	
cihum4912	Rabies lyssavirus	AF396047	320	-N/A-	Human	Homo sapiens	-N/A-	genomic RNA	
CJS0840H	Rabies lyssavirus	JN936732	1575	2008	Human	Homo sapiens	China	mRNA	
CJS0840H	Rabies lyssavirus	JN974849	1353	2008	Human	Homo sapiens	China	viral cRNA	
CNX1101H	Rabies lyssavirus	JQ699258	1575	2011	Human	Homo sapiens	China	mRNA	
CNX1101H	Rabies lyssavirus	KC465379	1353	2011	Human	Homo sapiens	China	viral cRNA	
CNX8511	Rabies lyssavirus	DQ490074	609	-N/A-	Human	Homo sapiens	China	viral cRNA	
CNX8511	Rabies lyssavirus	DQ646872	894	-N/A-	Human	human	China	viral cRNA	
CNX8601	Rabies lyssavirus	DQ490075	609	-N/A-	Human	Homo sapiens	China	viral cRNA	
CNX8601	Rabies lyssavirus	DQ646873	894	-N/A-	Human	human	China	viral cRNA	
CQH	Rabies lyssavirus	FJ602447	1575	2007	Human	Homo sapiens	China	viral cRNA	
CSC1019H	Rabies lyssavirus	JN936763	1575	2010	Human	Homo sapiens	China	mRNA	
CSD0823H	Rabies lyssavirus	HM582578	894	-N/A-	Human	Homo sapiens	China	viral cRNA	
CSD1046H	Rabies lyssavirus	JN936779	1575	2010	Human	Homo sapiens	China	mRNA	
Ctehm82	Rabies lyssavirus	AY233432	320	-N/A-	Human	Homo sapiens	Argentina	genomic RNA	
CTN	Rabies lyssavirus	DQ490076	609	-N/A-	Human	Homo sapiens	China	viral cRNA	
CTN-1-31	Rabies lyssavirus	HQ317918	11925	1956	Human	Homo sapiens	China	viral cRNA	
CTN-1V12	Rabies lyssavirus	JN234421	1575	1956	Human	Homo sapiens	China	viral cRNA	
CTN-1V18	Rabies lyssavirus	JN234423	1575	1956	Human	Homo sapiens	China	viral cRNA	
CTN-1V5	Rabies lyssavirus	JN234418	1575	1956	Human	Homo sapiens	China	viral cRNA	
CYN0601H	Rabies lyssavirus	EU004751	609	2006	Human	Homo sapiens	China	viral cRNA	
CYN0601H	Rabies lyssavirus	EU004787	894	2006	Human	Homo sapiens	China	viral cRNA	
CYN0701H	Rabies lyssavirus	EU004752	609	2007	Human	Homo sapiens	China	viral cRNA	
CYN0701H	Rabies lyssavirus	EU004788	894	2007	Human	Homo sapiens	China	viral cRNA	
CYN0921HN	Rabies lyssavirus	JF819614	1353	-N/A-	Human	Homo sapiens	China	viral cRNA	
CYN0921HT	Rabies lyssavirus	JF819613	1353	-N/A-	Human	Homo sapiens	China	viral cRNA	
CYN0922H	Rabies lyssavirus	JF819606	1353	-N/A-	Human	Homo sapiens	China	viral cRNA	
CYN0923H	Rabies lyssavirus	JF819616	1353	-N/A-	Human	Homo sapiens	China	viral cRNA	
CYN1025H	Rabies lyssavirus	JQ040596	1353	11/02/2010	Human	Homo sapiens	China	viral cRNA	
CYN1134H	Rabies lyssavirus	JQ040592	1353	06/2011	Human	Homo sapiens	China	viral cRNA	
CYN1242H	Rabies lyssavirus	JX276422	1353	01/30/2012	Human	Homo sapiens	China	viral cRNA	
dog	Rabies lyssavirus	AY998244	796	-N/A-	Human	Homo sapiens	Mexico	genomic RNA	
EChmSPU03.48	Rabies lyssavirus	DQ841547	592	-N/A-	Human	Homo sapiens	South Africa	viral cRNA	
eg1	Rabies lyssavirus	FJ440104	1350	01/2008	Human	Homo sapiens	Equatorial Guinea	viral cRNA	
fluryGA1939	Rabies lyssavirus	FJ228534	1350	1939	Human	Homo sapiens	USA	viral cRNA	
G-08-10	Rabies lyssavirus	AB817099	1575	01/2010	Human	Homo sapiens 9 years old male	Sri Lanka	viral cRNA	
G-08-10	Rabies lyssavirus	AB817759	515	01/2010	Human	Homo sapiens 9 years old male	Sri Lanka	viral cRNA	
G-225-09	Rabies lyssavirus	AB817100	1575	08/2009	Human	Homo sapiens 66 years old male	Sri Lanka	viral cRNA	
G-269-09	Rabies lyssavirus	AB817757	515	11/2009	Human	Homo sapiens 63 years old male	Sri Lanka	viral cRNA	
G-63-09	Rabies lyssavirus	AB817101	1575	03/2009	Human	Homo sapiens 13 years old male	Sri Lanka	viral cRNA	
G-63-09	Rabies lyssavirus	AB817758	515	03/2009	Human	Homo sapiens 13 years old male	Sri Lanka	viral cRNA	
G_117-1996	Rabies lyssavirus	KU739036	1575	1996	Human	Homo sapiens	Italy	viral cRNA	
GD-YJ/2011	Rabies lyssavirus	JQ972928	830	06/12/2011	Human	Homo sapiens	China	viral cRNA	
GD-ZQ/2011	Rabies lyssavirus	JQ972927	830	02/02/2011	Human	Homo sapiens	China	viral cRNA	
Guizhou Al0	Rabies lyssavirus	EU267745	1575	-N/A-	Human	Homo sapiens	China	viral cRNA	
Guizhou_A10	Rabies lyssavirus	DQ666288	1484	-N/A-	Human	Homo sapiens	China	viral cRNA	
H 010607-VN	Rabies lyssavirus	AB614379	399	06/2007	Human	Homo sapiens	Viet Nam	viral cRNA	
H 020607-VN	Rabies lyssavirus	AB628214	399	06/2007	Human	Homo sapiens	Viet Nam	genomic RNA	
H 040707-VN	Rabies lyssavirus	AB614380	400	07/2007	Human	Homo sapiens	Viet Nam	viral cRNA	
H 050707-VN	Rabies lyssavirus	AB614381	399	07/2007	Human	Homo sapiens	Viet Nam	viral cRNA	
H 060907-VN	Rabies lyssavirus	AB628212	399	09/2007	Human	Homo sapiens	Viet Nam	genomic RNA	
H 080807-VN	Rabies lyssavirus	AB614383	399	08/2007	Human	Homo sapiens	Viet Nam	viral cRNA	
H 091007-VN	Rabies lyssavirus	AB614384	399	10/2007	Human	Homo sapiens	Viet Nam	viral cRNA	
H 111007-VN	Rabies lyssavirus	AB614385	399	10/2007	Human	Homo sapiens	Viet Nam	viral cRNA	
H 130108-VN	Rabies lyssavirus	AB614386	399	01/2008	Human	Homo sapiens	Viet Nam	viral cRNA	
H 150308-VN	Rabies lyssavirus	AB614388	399	03/2008	Human	Homo sapiens	Viet Nam	viral cRNA	
H 170408-VN	Rabies lyssavirus	AB614389	399	04/2008	Human	Homo sapiens	Viet Nam	viral cRNA	
H 200608-VN	Rabies lyssavirus	AB614390	399	06/2008	Human	Homo sapiens	Viet Nam	viral cRNA	
H 210608-VN	Rabies lyssavirus	AB614391	399	06/2008	Human	Homo sapiens	Viet Nam	viral cRNA	
H 240808-VN	Rabies lyssavirus	AB614392	255	08/2008	Human	Homo sapiens	Viet Nam	viral cRNA	
H 280509-VN	Rabies lyssavirus	AB614393	399	05/2009	Human	Homo sapiens	Viet Nam	viral cRNA	
H-08-1320	Rabies lyssavirus	AB569299	11926	11/01/2008	Human	Homo sapiens 56 year old man	Sri Lanka	viral cRNA	
H-1033-12	Rabies lyssavirus	LC110311	1353	08/22/2012	Human	Homo sapiens 20 years old male	Sri Lanka	viral cRNA	
H-1074-12	Rabies lyssavirus	LC110317	1353	08/30/2012	Human	Homo sapiens: female	Sri Lanka	viral cRNA	
H-1098-09	Rabies lyssavirus	AB817102	1575	09/2009	Human	Homo sapiens 60 years old female	Sri Lanka	viral cRNA	
H-1098-09	Rabies lyssavirus	AB817760	515	09/2009	Human	Homo sapiens 60 years old female	Sri Lanka	viral cRNA	
H-1122-12	Rabies lyssavirus	LC110312	1353	09/11/2012	Human	Homo sapiens 42 years old male	Sri Lanka	viral cRNA	
H-1123-08	Rabies lyssavirus	AB817080	1353	09/2008	Human	Homo sapiens 70 years old male	Sri Lanka	viral cRNA	
H-1123-08	Rabies lyssavirus	AB817103	1575	09/2008	Human	Homo sapiens 70 years old male	Sri Lanka	viral cRNA	
H-1125-08	Rabies lyssavirus	AB817082	1353	09/2008	Human	Homo sapiens 10 years old male	Sri Lanka	viral cRNA	
H-1125-08	Rabies lyssavirus	AB817104	1575	09/2008	Human	Homo sapiens 10 years old male	Sri Lanka	viral cRNA	
H-1141-08	Rabies lyssavirus	AB817105	1575	10/2008	Human	Homo sapiens 45 years old male	Sri Lanka	viral cRNA	
H-1202-09	Rabies lyssavirus	AB817084	1353	10/2009	Human	Homo sapiens 10 years old male	Sri Lanka	viral cRNA	
H-1202-09	Rabies lyssavirus	AB817106	1575	10/2009	Human	Homo sapiens 10 years old male	Sri Lanka	viral cRNA	
H-1208-12	Rabies lyssavirus	LC110318	1353	09/28/2012	Human	Homo sapiens 42 years old male	Sri Lanka	viral cRNA	
H-1218-08	Rabies lyssavirus	AB638768	1353	10/08/2008	Human	Homo sapiens 11 years old girl	Sri Lanka	viral cRNA	
H-1218-08	Rabies lyssavirus	AB817107	1575	10/2008	Human	Homo sapiens 11 years old female	Sri Lanka	viral cRNA	
H-1218-08	Rabies lyssavirus	AB817790	515	10/2008	Human	Homo sapiens 11 years old female	Sri Lanka	viral cRNA	
H-1218-12	Rabies lyssavirus	LC110310	1353	10/01/2012	Human	Homo sapiens 22 years old male	Sri Lanka	viral cRNA	
H-1226-08	Rabies lyssavirus	AB817108	1575	10/2008	Human	Homo sapiens 3 years old male	Sri Lanka	viral cRNA	
H-1227-09	Rabies lyssavirus	AB817109	1575	10/2009	Human	Homo sapiens 44 years old female	Sri Lanka	viral cRNA	
H-1227-09	Rabies lyssavirus	AB817765	515	10/2009	Human	Homo sapiens 44 years old female	Sri Lanka	viral cRNA	
H-1272-09	Rabies lyssavirus	AB817110	1575	10/2009	Human	Homo sapiens 73 years old female	Sri Lanka	viral cRNA	
H-1272-09	Rabies lyssavirus	AB817766	515	10/2009	Human	Homo sapiens 73 years old female	Sri Lanka	viral cRNA	
H-1275-09	Rabies lyssavirus	AB817111	1575	10/2009	Human	Homo sapiens 9 years old female	Sri Lanka	viral cRNA	
H-1281-08	Rabies lyssavirus	AB817112	1575	10/2008	Human	Homo sapiens 42 years old male	Sri Lanka	viral cRNA	
H-1282-09	Rabies lyssavirus	AB817087	1353	10/2009	Human	Homo sapiens 4 years old male	Sri Lanka	viral cRNA	
H-1282-09	Rabies lyssavirus	AB817113	1575	10/2009	Human	Homo sapiens 4 years old male	Sri Lanka	viral cRNA	
H-1282-09	Rabies lyssavirus	AB817768	515	10/2009	Human	Homo sapiens 4 years old male	Sri Lanka	viral cRNA	
H-1283-09	Rabies lyssavirus	AB817114	1575	10/2009	Human	Homo sapiens 35 years old male	Sri Lanka	viral cRNA	
H-1283-09	Rabies lyssavirus	AB817769	515	10/2009	Human	Homo sapiens 35 years old male	Sri Lanka	viral cRNA	
H-1371-12	Rabies lyssavirus	LC110309	1353	11/07/2012	Human	Homo sapiens 75 years old male	Sri Lanka	viral cRNA	
H-1454-12	Rabies lyssavirus	LC110308	1353	11/26/2012	Human	Homo sapiens 43 years old male	Sri Lanka	viral cRNA	
H-15-09	Rabies lyssavirus	AB638770	1353	01/05/2009	Human	Homo sapiens 31 years old female	Sri Lanka	viral cRNA	
H-15-09	Rabies lyssavirus	AB817116	1575	01/2009	Human	Homo sapiens 31 years old female	Sri Lanka	viral cRNA	
H-1536-09	Rabies lyssavirus	AB817793	515	12/2009	Human	Homo sapiens 32 years old male	Sri Lanka	viral cRNA	
H-1553-08	Rabies lyssavirus	AB817088	1353	12/2008	Human	Homo sapiens 59 years old male	Sri Lanka	viral cRNA	
H-1553-08	Rabies lyssavirus	AB817117	1575	12/2008	Human	Homo sapiens 59 years old male	Sri Lanka	viral cRNA	
H-1553-08	Rabies lyssavirus	AB817770	515	12/2008	Human	Homo sapiens 59 years old male	Sri Lanka	viral cRNA	
H-156-09	Rabies lyssavirus	AB638771	1353	02/05/2009	Human	Homo sapiens 61 years old female	Sri Lanka	viral cRNA	
H-156-09	Rabies lyssavirus	AB817118	1575	02/2009	Human	Homo sapiens 61 years old female	Sri Lanka	viral cRNA	
H-219-08	Rabies lyssavirus	AB638767	1353	09/19/2008	Human	Homo sampiens 71 years old male	Sri Lanka	viral cRNA	
H-219-08	Rabies lyssavirus	AB817119	1575	09/2008	Human	Homo sapiens 71 years old male	Sri Lanka	viral cRNA	
H-219-08	Rabies lyssavirus	AB817795	515	09/2008	Human	Homo sapiens 71 years old male	Sri Lanka	viral cRNA	
H-224-09	Rabies lyssavirus	AB817089	1353	02/2009	Human	Homo sapiens 45 years old male	Sri Lanka	viral cRNA	
H-224-09	Rabies lyssavirus	AB817120	1575	02/2009	Human	Homo sapiens 45 years old male	Sri Lanka	viral cRNA	
H-224-09	Rabies lyssavirus	AB817771	515	02/2009	Human	Homo sapiens 45 years old male	Sri Lanka	viral cRNA	
H-251-10	Rabies lyssavirus	AB817121	1575	02/2010	Human	Homo sapiens 24 years old male	Sri Lanka	viral cRNA	
H-251-10	Rabies lyssavirus	AB817796	515	02/2010	Human	Homo sapiens 24 years old male	Sri Lanka	viral cRNA	
H-262-10	Rabies lyssavirus	AB817122	1575	02/2010	Human	Homo sapiens 3 years old male	Sri Lanka	viral cRNA	
H-262-10	Rabies lyssavirus	AB817797	515	02/2010	Human	Homo sapiens 3 years old male	Sri Lanka	viral cRNA	
H-305-09	Rabies lyssavirus	AB817123	1575	03/2009	Human	Homo sapiens 14 years old male	Sri Lanka	viral cRNA	
H-305-09	Rabies lyssavirus	AB817772	515	03/2009	Human	Homo sapiens 14 years old male	Sri Lanka	viral cRNA	
H-320-09	Rabies lyssavirus	AB817124	1575	03/2009	Human	Homo sapiens 30 years old male	Sri Lanka	viral cRNA	
H-320-09	Rabies lyssavirus	AB817773	515	03/2009	Human	Homo sapiens 30 years old male	Sri Lanka	viral cRNA	
H-321-09	Rabies lyssavirus	AB817125	1575	03/2009	Human	Homo sapiens 74 years old male	Sri Lanka	viral cRNA	
H-321-09	Rabies lyssavirus	AB817774	515	03/2009	Human	Homo sapiens 74 years old male	Sri Lanka	viral cRNA	
H-341-10	Rabies lyssavirus	AB817126	1575	03/2010	Human	Homo sapiens 73 years old male	Sri Lanka	viral cRNA	
H-36-09	Rabies lyssavirus	AB817775	515	01/2009	Human	Homo sapiens 32 years old male	Sri Lanka	viral cRNA	
H-395-09	Rabies lyssavirus	AB817128	1575	03/2009	Human	Homo sapiens 48 years old male	Sri Lanka	viral cRNA	
H-395-09	Rabies lyssavirus	AB817776	515	03/2009	Human	Homo sapiens 48 years old male	Sri Lanka	viral cRNA	
H-425-09	Rabies lyssavirus	AB817091	1353	04/2009	Human	Homo sapiens 62 years old female	Sri Lanka	viral cRNA	
H-425-09	Rabies lyssavirus	AB817129	1575	04/2009	Human	Homo sapiens 62 years old female	Sri Lanka	viral cRNA	
H-425-09	Rabies lyssavirus	AB817777	515	04/2009	Human	Homo sapiens 62 years old female	Sri Lanka	viral cRNA	
H-439-09	Rabies lyssavirus	AB817130	1575	04/2009	Human	Homo sapiens 67 years old male	Sri Lanka	viral cRNA	
H-439-09	Rabies lyssavirus	AB817778	515	04/2009	Human	Homo sapiens 67 years old male	Sri Lanka	viral cRNA	
H-445-10	Rabies lyssavirus	AB817131	1575	03/2010	Human	Homo sapiens 65 years old female	Sri Lanka	viral cRNA	
H-445-10	Rabies lyssavirus	AB817799	515	03/2010	Human	Homo sapiens 65 years old female	Sri Lanka	viral cRNA	
H-457-09	Rabies lyssavirus	AB817779	515	04/2009	Human	Homo sapiens 65 years old male	Sri Lanka	viral cRNA	
H-464-09	Rabies lyssavirus	AB817081	1353	04/2009	Human	Homo sapiens 16 years old male	Sri Lanka	viral cRNA	
H-464-09	Rabies lyssavirus	AB817133	1575	04/2009	Human	Homo sapiens 16 years old male	Sri Lanka	viral cRNA	
H-464-09	Rabies lyssavirus	AB817780	515	04/2009	Human	Homo sapiens 16 years old male	Sri Lanka	viral cRNA	
H-547-12	Rabies lyssavirus	LC110291	1353	05/08/2012	Human	Homo sapiens 38 years old	Sri Lanka	viral cRNA	
H-557-10	Rabies lyssavirus	AB817092	1353	04/2010	Human	Homo sapiens 55 years old male	Sri Lanka	viral cRNA	
H-557-10	Rabies lyssavirus	AB817134	1575	04/2010	Human	Homo sapiens 55 years old male	Sri Lanka	viral cRNA	
H-557-10	Rabies lyssavirus	AB817800	515	04/2010	Human	Homo sapiens 55 years old male	Sri Lanka	viral cRNA	
H-595-09	Rabies lyssavirus	AB817135	1575	05/2009	Human	Homo sapiens 52 years old male	Sri Lanka	viral cRNA	
H-595-12	Rabies lyssavirus	LC110314	1353	05/16/2012	Human	Homo sapiens 60 years old female	Sri Lanka	viral cRNA	
H-620-10	Rabies lyssavirus	AB817093	1353	05/2010	Human	Homo sapiens 46 years old female	Sri Lanka	viral cRNA	
H-620-10	Rabies lyssavirus	AB817136	1575	05/2010	Human	Homo sapiens 46 years old female	Sri Lanka	viral cRNA	
H-620-10	Rabies lyssavirus	AB817801	515	05/2010	Human	Homo sapiens 46 years old female	Sri Lanka	viral cRNA	
H-635-10	Rabies lyssavirus	AB817094	1353	05/2010	Human	Homo sapiens male	Sri Lanka	viral cRNA	
H-635-10	Rabies lyssavirus	AB817137	1575	05/2010	Human	Homo sapiens male	Sri Lanka	viral cRNA	
H-635-10	Rabies lyssavirus	AB817802	515	05/2010	Human	Homo sapiens male	Sri Lanka	viral cRNA	
H-651-09	Rabies lyssavirus	AB817782	515	05/2009	Human	Homo sapiens 45 years old male	Sri Lanka	viral cRNA	
H-685-12	Rabies lyssavirus	LC110313	1353	06/01/2012	Human	Homo sapiens 6 years old male	Sri Lanka	viral cRNA	
H-689-09	Rabies lyssavirus	AB817139	1575	06/2009	Human	Homo sapiens 65 years old male	Sri Lanka	viral cRNA	
H-725-12	Rabies lyssavirus	LC110315	1353	06/13/2012	Human	Homo sapiens 39 years old male	Sri Lanka	viral cRNA	
H-802-09	Rabies lyssavirus	AB817140	1575	06/2009	Human	Homo sapiens 78 years old female	Sri Lanka	viral cRNA	
H-872-09	Rabies lyssavirus	AB817141	1575	07/2009	Human	Homo sapiens 8 years old male	Sri Lanka	viral cRNA	
H-872-09	Rabies lyssavirus	AB817785	515	07/2009	Human	Homo sapiens 8 years old male	Sri Lanka	viral cRNA	
H-889-09	Rabies lyssavirus	AB817095	1353	07/2009	Human	Homo sapiens 30 years old female	Sri Lanka	viral cRNA	
H-889-09	Rabies lyssavirus	AB817142	1575	07/2009	Human	Homo sapiens 30 years old female	Sri Lanka	viral cRNA	
H-889-09	Rabies lyssavirus	AB817786	515	07/2009	Human	Homo sapiens 30 years old female	Sri Lanka	viral cRNA	
H-920-09	Rabies lyssavirus	AB817096	1353	08/2009	Human	Homo sapiens 35 years old female	Sri Lanka	viral cRNA	
H-920-09	Rabies lyssavirus	AB817143	1575	08/2009	Human	Homo sapiens 35 years old female	Sri Lanka	viral cRNA	
H-920-09	Rabies lyssavirus	AB817787	515	08/2009	Human	Homo sapiens 35 years old female	Sri Lanka	viral cRNA	
H-921-09	Rabies lyssavirus	AB817144	1575	08/2009	Human	Homo sapiens 32 years old male	Sri Lanka	viral cRNA	
H-921-12	Rabies lyssavirus	LC110316	1353	07/25/2012	Human	Homo sapiens 19 years old male	Sri Lanka	viral cRNA	
H-925-09	Rabies lyssavirus	AB817097	1353	08/2009	Human	Homo sapiens 8 years old male	Sri Lanka	viral cRNA	
H-925-09	Rabies lyssavirus	AB817145	1575	08/2009	Human	Homo sapiens 8 years old male	Sri Lanka	viral cRNA	
H-925-09	Rabies lyssavirus	AB817788	515	08/2009	Human	Homo sapiens 8 years old male	Sri Lanka	viral cRNA	
H-951-09	Rabies lyssavirus	AB817146	1575	08/2009	Human	Homo sapiens 42 years old male	Sri Lanka	viral cRNA	
H-964-12	Rabies lyssavirus	LC110292	1353	08/06/2012	Human	Homo sapiens 74 years old male	Sri Lanka	viral cRNA	
H01/00	Rabies lyssavirus	EF377679	264	-N/A-	Human	Homo sapiens	Colombia	viral cRNA	
H01/04	Rabies lyssavirus	EF377660	264	-N/A-	Human	Homo sapiens	Colombia	viral cRNA	
H03/95	Rabies lyssavirus	EF377613	264	-N/A-	Human	Homo sapiens	Colombia	viral cRNA	
H04/95	Rabies lyssavirus	EF377686	264	-N/A-	Human	Homo sapiens	Colombia	viral cRNA	
H06/95	Rabies lyssavirus	EF377612	264	-N/A-	Human	Homo sapiens	Colombia	viral cRNA	
H06/97	Rabies lyssavirus	EF377634	264	-N/A-	Human	Homo sapiens	Colombia	viral cRNA	
H06/99	Rabies lyssavirus	EF377591	264	-N/A-	Human	Homo sapiens	Colombia	viral cRNA	
Hebei0	Rabies lyssavirus	EU267726	388	-N/A-	Human	Homo sapiens	China	viral cRNA	
Hebei0	Rabies lyssavirus	EU267752	1575	-N/A-	Human	Homo sapiens	China	viral cRNA	
Hebei0	Rabies lyssavirus	EU267777	1353	-N/A-	Human	Homo sapiens	China	viral cRNA	
HEP	Rabies lyssavirus	KF831532	220	1986	Human	Homo sapiens	USA	viral cRNA	
HEP	Rabies lyssavirus	KF831568	513	1986	Human	Homo sapiens	USA	viral cRNA	
HICVYR0113	Rabies lyssavirus	KJ201891	579	2013	Human	Homo sapiens	India	viral cRNA	
HICVYR0212	Rabies lyssavirus	KJ201892	594	2012	Human	Homo sapiens	India	viral cRNA	
HICVYR0412	Rabies lyssavirus	KJ201893	582	2012	Human	Homo sapiens	India	viral cRNA	
HICVYR0512	Rabies lyssavirus	KJ201894	699	2012	Human	Homo sapiens	India	viral cRNA	
HICVYR1812	Rabies lyssavirus	KJ201895	636	2012	Human	Homo sapiens	India	viral cRNA	
HICVYR1912	Rabies lyssavirus	KJ201896	648	2012	Human	Homo sapiens	India	viral cRNA	
HICVYR2012	Rabies lyssavirus	KJ201897	666	2012	Human	Homo sapiens	India	viral cRNA	
HICVYR3411	Rabies lyssavirus	KJ201898	540	2012	Human	Homo sapiens	India	viral cRNA	
Hm Tepic	Rabies lyssavirus	KC792201	1572	01/01/2001	Human	Homo sapiens	Mexico	viral cRNA	
HM208BKpv	Rabies lyssavirus	AY849077	414	-N/A-	Human	Homo sapiens	Thailand	genomic RNA	
HM65BK	Rabies lyssavirus	AY580133	301	-N/A-	Human	Homo sapiens	Thailand	viral cRNA	
HM65BK	Rabies lyssavirus	AY849074	414	-N/A-	Human	Homo sapiens	Thailand	genomic RNA	
HM75BK	Rabies lyssavirus	AY580091	301	-N/A-	Human	Homo sapiens	Thailand	viral cRNA	
HM75BK	Rabies lyssavirus	AY849075	414	-N/A-	Human	Homo sapiens	Thailand	genomic RNA	
HM88BKjj	Rabies lyssavirus	AY580090	301	-N/A-	Human	Homo sapiens	Thailand	viral cRNA	
HM88BKjj	Rabies lyssavirus	AY849076	414	-N/A-	Human	Homo sapiens	Thailand	genomic RNA	
HMS152S	Rabies lyssavirus	AY849159	414	-N/A-	Human	Homo sapiens	Thailand	genomic RNA	
HMS223RY	Rabies lyssavirus	AY849227	414	-N/A-	Human	Homo sapiens	Thailand	genomic RNA	
HMS241CL	Rabies lyssavirus	AY849192	414	-N/A-	Human	Homo sapiens	Thailand	genomic RNA	
Hu NL	Rabies lyssavirus	KC792202	791	01/01/2001	Human	Homo sapiens	Mexico	viral cRNA	
human/145/1997	Rabies lyssavirus	DQ837382	1350	1997	Human	Homo sapiens	Israel	viral cRNA	
human/329/1996	Rabies lyssavirus	DQ837383	1350	1996	Human	Homo sapiens	Israel	viral cRNA	
human/445/2003	Rabies lyssavirus	DQ837384	1350	2003	Human	Homo sapiens	Israel	viral cRNA	
IAP_R193	Rabies lyssavirus	KF150740	1317	2011	Human	Homo sapiens	India	viral cRNA	
IAP_R194	Rabies lyssavirus	KF150741	1317	2011	Human	Homo sapiens	India	viral cRNA	
IAP_R195	Rabies lyssavirus	KF150742	1317	2011	Human	Homo sapiens	India	viral cRNA	
ICAD11-RHu	Rabies lyssavirus	GU371884	792	2009	Human	Homo sapiens	India	mRNA	
ICAD12-RHu	Rabies lyssavirus	GU363396	544	2009	Human	Homo sapiens	India	mRNA	
ICAD12-RHu	Rabies lyssavirus	GU371885	769	2009	Human	Homo sapiens	India	mRNA	
ICAD13-RHu	Rabies lyssavirus	GU363397	542	2009	Human	Homo sapiens	India	mRNA	
ICAD13-RHu	Rabies lyssavirus	GU371886	762	2009	Human	Homo sapiens	India	mRNA	
ICAD14-RHu	Rabies lyssavirus	GU371887	797	2009	Human	Homo sapiens	India	mRNA	
ICAD15-RHu	Rabies lyssavirus	GU363399	544	2009	Human	Homo sapiens	India	mRNA	
ICAD15-RHu	Rabies lyssavirus	GU371888	784	2009	Human	Homo sapiens	India	mRNA	
ICAD17-RHu	Rabies lyssavirus	GU363401	510	2009	Human	Homo sapiens	India	mRNA	
ICAD17-RHu	Rabies lyssavirus	GU371889	800	2009	Human	Homo sapiens	India	mRNA	
IMA_R189	Rabies lyssavirus	KF150736	1317	2009	Human	Homo sapiens	India	viral cRNA	
INDH10	Rabies lyssavirus	DQ521242	513	2004	Human	Homo sapiens	India	viral cRNA	
INDH13	Rabies lyssavirus	DQ521243	546	2004	Human	Homo sapiens	India	viral cRNA	
INDH19	Rabies lyssavirus	DQ521245	443	2004	Human	Homo sapiens	India	viral cRNA	
INDH20	Rabies lyssavirus	DQ521246	501	2004	Human	Homo sapiens	India	viral cRNA	
INDH26	Rabies lyssavirus	DQ521247	498	2004	Human	Homo sapiens	India	viral cRNA	
INDH27	Rabies lyssavirus	DQ521248	497	2004	Human	Homo sapiens	India	viral cRNA	
INDH28	Rabies lyssavirus	DQ521249	579	2004	Human	Homo sapiens	India	viral cRNA	
INDH33	Rabies lyssavirus	DQ521250	501	2004	Human	Homo sapiens	India	viral cRNA	
INDH34	Rabies lyssavirus	DQ521251	503	2004	Human	Homo sapiens	India	viral cRNA	
IP14hum/01PI	Rabies lyssavirus	FJ829030	101	2001	Human	Homo sapiens (human)	Brazil	viral cRNA	
IP2293Pastaza_Ecuador/2005	Rabies lyssavirus	EF363727	1376	-N/A-	Human	Homo sapiens	Ecuador	viral cRNA	
IP2294Pastaza_Ecuador/2005	Rabies lyssavirus	EF363728	1376	-N/A-	Human	Homo sapiens	Ecuador	viral cRNA	
IP3066Portel_Para/2004	Rabies lyssavirus	EF363742	1376	-N/A-	Human	Homo sapiens	Brazil	viral cRNA	
IP3067Portel_Para/2004	Rabies lyssavirus	EF363743	1376	-N/A-	Human	Homo sapiens	Brazil	viral cRNA	
IP3070Portel_Para/2004	Rabies lyssavirus	EF363746	1376	-N/A-	Human	Homo sapiens	Brazil	viral cRNA	
IP4497hum/98CE	Rabies lyssavirus	FJ829025	1178	1998	Human	Homo sapiens (human)	Brazil	viral cRNA	
IP4793	Rabies lyssavirus	DQ314575	165	-N/A-	Human	Homo sapiens	Brazil	genomic RNA	
IP5214Viseu_Para/2004	Rabies lyssavirus	EF363751	1376	-N/A-	Human	Homo sapiens	Brazil	viral cRNA	
IP5448	Rabies lyssavirus	DQ314578	165	-N/A-	Human	Homo sapiens	Brazil	genomic RNA	
IP5453	Rabies lyssavirus	DQ314574	165	-N/A-	Human	Homo sapiens	Brazil	genomic RNA	
IP5453Augusto Correa_Para/2005	Rabies lyssavirus	EF363756	1376	-N/A-	Human	Homo sapiens	Brazil	viral cRNA	
IP5858Turiacu_Maranhao/2005	Rabies lyssavirus	EF363732	1376	-N/A-	Human	Homo sapiens	Brazil	viral cRNA	
IP6643hum/08CE	Rabies lyssavirus	FJ829028	1178	2008	Human	Homo sapiens (human)	Brazil	viral cRNA	
IP7541Viseu_Para/2005	Rabies lyssavirus	EF363757	1376	-N/A-	Human	Homo sapiens	Brazil	viral cRNA	
IP7697Candido Mendes_Maranhao/2005	Rabies lyssavirus	EF363733	1376	-N/A-	Human	Homo sapiens	Brazil	viral cRNA	
IP9847Turiacu_Maranhao/2005	Rabies lyssavirus	EF363736	1376	-N/A-	Human	Homo sapiens	Brazil	viral cRNA	
J	Rabies lyssavirus	EU159387	1353	1985	Human	Homo sapiens	China	viral cRNA	
J	Rabies lyssavirus	FJ418876	1575	1985	Human	Homo sapiens	China	viral cRNA	
J	Rabies lyssavirus	GU345747	11908	1986	Human	Homo sapiens	China	viral cRNA	
Jiangsu Wx0	Rabies lyssavirus	EU267772	1575	-N/A-	Human	Homo sapiens	China	viral cRNA	
Jiangsu_Wx0	Rabies lyssavirus	DQ666320	1483	-N/A-	Human	Homo sapiens	China	viral cRNA	
JZ13-Lv	Rabies lyssavirus	KJ004416	11924	12/01/2013	Human	Homo sapiens	China	viral cRNA	
Kyoto	Rabies lyssavirus	AB573762	1353	2006	Human	Homo sapiens	Japan	mRNA	
KZNhmSPU02.326	Rabies lyssavirus	DQ841423	592	-N/A-	Human	Homo sapiens	South Africa	viral cRNA	
KZNhmSPU03.15	Rabies lyssavirus	DQ841546	592	-N/A-	Human	Homo sapiens	South Africa	viral cRNA	
KZNhmSPU03.272	Rabies lyssavirus	DQ841549	592	-N/A-	Human	Homo sapiens	South Africa	viral cRNA	
KZNhmSPU03.77	Rabies lyssavirus	DQ841548	592	-N/A-	Human	Homo sapiens	South Africa	viral cRNA	
LEP	Rabies lyssavirus	KF831531	220	1939	Human	Homo sapiens	USA	viral cRNA	
LEP	Rabies lyssavirus	KF831557	543	1939	Human	Homo sapiens	USA	viral cRNA	
LSE0304-14	Rabies lyssavirus	KU550098	1430	07/16/2014	Human	Homo sapiens	Costa Rica	viral cRNA	
LSE0453-14	Rabies lyssavirus	KU550103	1430	08/18/2014	Human	Homo sapiens	Costa Rica	viral cRNA	
LuoH	Rabies lyssavirus	FJ602453	1575	2007	Human	Homo sapiens	China	viral cRNA	
Ningbo_0901	Rabies lyssavirus	GU994209	1353	2009	Human	Homo sapiens	China	viral cRNA	
NNV-RAB-FOX 2011	Rabies lyssavirus	JQ886095	361	2011	Human	Homo sapiens	India	viral cRNA	
NNV-RAB-H	Rabies lyssavirus	EF437215	11928	-N/A-	Human	Homo sapiens	India	viral cRNA	
nu	Rabies lyssavirus	EU159398	1353	1986	Human	Homo sapiens	China	viral cRNA	
nu	Rabies lyssavirus	FJ418877	1575	1986	Human	Homo sapiens	China	viral cRNA	
NYHC_2011	Rabies lyssavirus	KC792238	1572	08/18/2011	Human	Homo sapiens	USA	viral cRNA	
Oaxaca/California	Rabies lyssavirus	FJ542364	1353	03/2008	Human	Homo sapiens	USA	viral cRNA	
P06	Rabies lyssavirus	JX123687	1353	2010	Human	Homo sapiens	China	viral cRNA	
P07	Rabies lyssavirus	JX123688	1353	2009	Human	Homo sapiens	China	viral cRNA	
PERAPU179-99	Rabies lyssavirus	EU530724	264	1999	Human	Homo sapiens	Peru	viral cRNA	
PERMDD3851-00	Rabies lyssavirus	EU530725	264	2000	Human	Homo sapiens	Peru	viral cRNA	
PERPUN1449-99	Rabies lyssavirus	EU530707	264	1999	Human	Homo sapiens	Peru	viral cRNA	
PG	Rabies lyssavirus	DQ490077	609	-N/A-	Human	Homo sapiens	China	viral cRNA	
QC	Rabies lyssavirus	DQ836092	551	2006	Human	Homo sapiens	China	viral cRNA	
QC	Rabies lyssavirus	DQ849063	1575	2006	Human	Homo sapiens	China	viral cRNA	
QC	Rabies lyssavirus	EU159377	1353	2006	Human	Homo sapiens	China	viral cRNA	
ra3425	Rabies lyssavirus	GQ856149	235	08/2007	Human	Homo sapiens	Finland	viral cRNA	
Rus(Astrakhan)_8329H_2003	Rabies lyssavirus	KT728348	11873	2003	Human	Homo sapiens	Russia	viral cRNA	
Rus(Astrakhan)_8330H_2003	Rabies lyssavirus	KT728349	11873	2003	Human	Homo sapiens	Russia	viral cRNA	
RV1964	Rabies lyssavirus	DQ146162	400	2005	Human	human (ex-dog)	United Kingdom	mRNA	
RV240	Rabies lyssavirus	DQ317516	405	1988	Human	Homo sapiens	Russia	mRNA	
RV2472	Rabies lyssavirus	HQ913570	1518	2003	Human	Homo sapiens	Nepal	mRNA	
RV2472	Rabies lyssavirus	HQ913571	400	2003	Human	Homo sapiens	Nepal	mRNA	
RV476	Rabies lyssavirus	AY330758	405	-N/A-	Human	Homo sapiens	Botswana	genomic DNA	
RV61	Rabies lyssavirus	AY102993	400	-N/A-	Human	Homo sapiens	United Kingdom	mRNA	
RV61	Rabies lyssavirus	GU936881	1317	1987	Human	Homo sapiens; ex dog in India	United Kingdom	mRNA	
RV61	Rabies lyssavirus	JQ685981	1575	1987	Human	Homo sapiens	United Kingdom	viral cRNA	
RV61	Rabies lyssavirus	KF154996	11928	1987	Human	Homo sapiens	United Kingdom	viral cRNA	
RVHK	Rabies lyssavirus	KC792243	1572	01/01/1998	Human	Homo sapiens (ex wolf)	Russia	viral cRNA	
SBH	Rabies lyssavirus	EU159392	1353	1992	Human	Homo sapiens	China	viral cRNA	
SBH	Rabies lyssavirus	FJ418883	1575	1992	Human	Homo sapiens	China	viral cRNA	
SCR10-16p	Rabies lyssavirus	JX005943	1353	2010	Human	Homo sapiens	China	viral cRNA	
Senegal.02025SEN/2001	Rabies lyssavirus	FJ545661	1575	2007	Human	Homo sapiens	Senegal	viral cRNA	
Senegal.07209SEN/2007	Rabies lyssavirus	FJ545665	1575	2007	Human	Homo sapiens	Senegal	viral cRNA	
ShaanxiRab018	Rabies lyssavirus	KF663528	1353	05/27/2012	Human	Homo sapiens	China	mRNA	
ShaanxiRab018	Rabies lyssavirus	KF663544	1575	05/27/2012	Human	Homo sapiens	China	mRNA	
ShaanxiRab023	Rabies lyssavirus	KF663546	1575	09/16/2011	Human	Homo sapiens	China	mRNA	
SPU 292 10	Rabies lyssavirus	HQ734810	592	10/01/2010	Human	Homo sapiens	South Africa	viral cRNA	
SPU134/12	Rabies lyssavirus	KC660159	700	2012	Human	Homo sapiens	South Africa	viral cRNA	
SRV Human TN1	Rabies lyssavirus	GU731663	565	2006	Human	Homo sapiens	India	viral cRNA	
SSJ1	Rabies lyssavirus	KP221203	816	12/04/2012	Human	Homo sapiens	China	mRNA	
Takamen	Rabies lyssavirus	AB178891	1353	-N/A-	Human	Homo sapiens	Japan	genomic RNA	
TR149	Rabies lyssavirus	EU180618	527	-N/A-	Human	Homo sapiens	Turkey	viral cRNA	
TR3	Rabies lyssavirus	EU180615	552	-N/A-	Human	Homo sapiens	Turkey	viral cRNA	
TR33	Rabies lyssavirus	EU180616	552	-N/A-	Human	Homo sapiens	Turkey	viral cRNA	
TR40	Rabies lyssavirus	EU180617	546	-N/A-	Human	Homo sapiens	Turkey	viral cRNA	
TW0045/12	Rabies lyssavirus	JX675044	543	2012	Human	Homo sapiens	Switzerland	viral cRNA	
txushm1363Starr1991	Rabies lyssavirus	FJ228581	264	1991	Human	Homo sapiens	USA	viral cRNA	
UA341	Rabies lyssavirus	GQ303555	1353	02/05/2009	Human	Homo sapiens	Thailand	viral cRNA	
UA341	Rabies lyssavirus	GQ303557	1575	02/05/2009	Human	Homo sapiens	Thailand	viral cRNA	
UNKNOWN-EU836832	Rabies lyssavirus	EU836832	1353	1996	Human	Homo sapiens	Italy	viral cRNA	
Yokohama	Rabies lyssavirus	AB573763	1353	2006	Human	Homo sapiens	Japan	mRNA	
Zhejiang Wz0	Rabies lyssavirus	EF556197	1425	-N/A-	Human	human	China	viral cRNA	
Zhejiang Wz0	Rabies lyssavirus	EF556198	2067	-N/A-	Human	human	China	viral cRNA	
Zhejiang Wz0	Rabies lyssavirus	EU267741	390	-N/A-	Human	Homo sapiens	China	viral cRNA	
Zhejiang Wz1	Rabies lyssavirus	EU700030	1575	2008	Human	Homo sapiens	China	viral cRNA	
Zhejiang Wz1	Rabies lyssavirus	EU700032	1353	2008	Human	Homo sapiens	China	viral cRNA	
Zhejiang Wz1	Rabies lyssavirus	EU700033	388	2008	Human	Homo sapiens	China	viral cRNA	
AB21	Rabies lyssavirus	AM689535	564	2006	Human	man	India	genomic RNA	
